id,fieldGood,fieldModel
11933,Грунт акриловый биозащитный для дерева,Siberian
10038,Грунт акриловый биозащитный для дерева,Siberian
10544,Грунт акриловый глубокопроникающий,с индикатором
16402,Грунт акриловый,Zapon 2-х компонентный
11081,Грунтовка антикоррозионная,Metallista Primer
6197,Антисептик для дерева,Extrime Climate на водной основе
16395,Грунт барьерный водный для деревянных домов,-
16396,Грунт барьерный для деревянных домов,-
10097,Грунт биозащитный для дерева,Siberian
10100,Грунт биозащитный для дерева,Siberian
11153,Грунтовка биозащитная для древесины,Valtti Expert Base
11156,Грунтовка биозащитная для древесины,Valtti Expert Base
5970,Грунт адгезионный,PROF IT
6245,Грунт адгезионный,G150 Beton kontakt с мраморной крошкой
5997,Грунт адгезионный,G150 Beton kontakt с мраморной крошкой
5984,Грунт адгезионный,PROF IT Кварц
9171,Грунт антисептический для деревянных поверхностей,BioGrunt
9172,Грунт антисептический для деревянных поверхностей,BioGrunt
16410,Грунт барьерный водный для деревянных домов,-
15241,Грунт бетон-контакт,PROF IT
15240,Грунт бетон-контакт,PROF IT
9710,Грунт бетон-контакт,СТ 19
9712,Грунт бетон-контакт,СТ 19 морозостойкий
8309,Грунт влагоизолирующий,Акваизол концентрат 1:4
8315,Грунт влагоизолирующий,Акваизол концентрат 1:9
5469,Грунт глубокого проникновения,Premium Hydrosol Primer
12044,Грунт глубокого проникновения,Putzgrund D 313
16802,Грунт глубокого проникновения,PRIMER
16801,Грунт глубокого проникновения,PRIMER
6092,Грунт,ГФ-021
6196,Грунт,ГФ-021
6080,Грунт,ГФ-021
6086,Грунт,ГФ-021
13947,Грунт акриловый,Tiefgrund D 314
9716,Грунт глубокого проникновения,СТ 17 Pro
9719,Грунт глубокого проникновения,СТ 17 Pro
9721,Грунт глубокого проникновения,СТ 17 Pro
9713,Грунт,CT 16 Quartz Contact
9714,Грунт,CT 16 Quartz Contact
5186,Грунт,Retail Kontakt-Quarzgrund RD328 глубокоматовый
7254,Грунт,-
14585,Грунт,Бетонконтакт
14592,Грунт,Бетонконтакт
15897,Грунт,Crilux
15898,Грунт,Crilux
7122,Грунт для лака,для водного паркетного лака
16384,Грунт для восстановления древесины,Rinova
16403,Грунт для восстановления древесины,Rinova
8322,Грунт для гладких поверхностей,Бетонконтакт готовый состав
13036,Грунт для гладких поверхностей,Бетонконтакт готовый состав
16411,Грунт для запечатывания торцов,-
13601,Грунт для защиты древесины,Wood Base с биоцидом
13604,Грунт для защиты древесины,Wood Base с биоцидом
14163,Грунт для защиты древесины,Wood Base Aqua
14165,Грунт для защиты древесины,Wood Base Aqua
8729,Грунт для защиты древесины,Base
12966,Грунт для защиты древесины,Base
11835,Грунт для защиты древесины,Base
8731,Грунт для защиты древесины,Base
9320,Грунт для защиты торцов древесины,Tor Plus
9316,Грунт для защиты торцов древесины,Tor Plus
9318,Грунт для защиты торцов древесины,Tor Plus
16394,Грунт для паркета,Turapori Naturaqua
9182,Грунт для плит OSB и SIP-панелей,-
12181,Грунт для плит OSB и SIP-панелей,-
15422,Грунт для фактурных декоративных покрытий,Primer al Quarzo
12648,Грунт акриловый для фасада глубокого проникновения,Maestro глубокоматовый
11906,Грунт для цветных металлов и сплавов,Special Metals Primer
11910,Грунт для черных металлов антикоррозийный,Rust Beater
9183,Грунт изолирующий полиуретановый для OSB,-
9184,Грунт изолирующий полиуретановый для OSB,-
9185,Грунт изолирующий полиуретановый для OSB,-
16799,Грунт кварцевый,PRIMER DI QUARZO
16800,Грунт кварцевый,PRIMER DI QUARZO
6063,Грунт под декоративные покрытия,G100 Putzgrund
5854,Грунт под декоративные покрытия,G100 Putzgrund
14225,Грунт под покрытие декоративное кварцевый,Creative Primer Di Quarzo матовый
14226,Грунт под покрытие декоративное кварцевый,Creative Primer Di Quarzo матовый
15900,Грунт под покрытие декоративное,IL Primer
15899,Грунт под покрытие декоративное,IL Primer
8325,Грунт укрепляющий,готовый состав
16796,Грунт укрывающий,BASE
16797,Грунт укрывающий,BASE
16795,Грунт укрывающий,BASE
5916,Грунт универсальный акриловый,G30 против плесени
12273,Грунт универсальный в/д,Bindo Base
11293,Грунт универсальный глубокого проникновения,Prof Base
16393,Грунт,Turapori спрей
15887,Грунт,Blankor
15896,Грунт,Blankor
9337,Грунт-влагоизолятор,ВлагоStop Bio Proff 710 концентрат 1:9
9332,Грунт-влагоизолятор,ВлагоStop Bio 700 концентрат 1:4
16385,Грунт-изолятор,для золочения
14010,Грунт-концентрат,Водостоп-акрил
14185,Грунт-концентрат,Гипс-плюс
15982,Грунт-концентрат акриловый,ACRYLIC PRIMER 1:3
5829,Грунтовка акриловая глубокого проникновения,концентрат
6201,Грунт акриловый глубокого проникновения,концентрат
15687,Грунт-левкас,акриловый
16220,Грунт-эмаль по металлу,Klondike 3в1 глянцевая по ржавчине
16180,Грунт-эмаль алкидная,RAPID-LACK шелковисто-матовая
16203,Грунт-эмаль алкидная,RAPID-LACK шелковисто-матовая
16211,Грунт-эмаль алкидная,RAPID-LACK шелковисто-матовая
16189,Грунт-эмаль алкидная,RAPID-LACK шелковисто-матовая
16212,Грунт-эмаль алкидная,RAPID-LACK шелковисто-матовая
16185,Грунт-эмаль алкидная,RAPID-LACK шелковисто-матовая
16197,Грунт-эмаль алкидная,RAPID-LACK шелковисто-матовая
16200,Грунт-эмаль алкидная,RAPID-LACK шелковисто-матовая
17065,Грунт-эмаль антикоррозионная,ХВ-0278
14403,Грунт-эмаль графитовая по ржавчине,3в1 матовая
14413,Грунт-эмаль графитовая по ржавчине,3в1 матовая
14420,Грунт-эмаль графитовая по ржавчине,3в1 матовая
14429,Грунт-эмаль графитовая по ржавчине,3в1 матовая
14437,Грунт-эмаль графитовая по ржавчине,3в1 матовая
14443,Грунт-эмаль графитовая по ржавчине,3в1 матовая
14450,Грунт-эмаль графитовая по ржавчине,3в1 матовая
14456,Грунт-эмаль графитовая по ржавчине,3в1 матовая
14462,Грунт-эмаль графитовая по ржавчине,3в1 матовая
14466,Грунт-эмаль графитовая по ржавчине,3в1 матовая
14472,Грунт-эмаль графитовая по ржавчине,3в1 матовая
14477,Грунт-эмаль графитовая по ржавчине,3в1 матовая
14483,Грунт-эмаль графитовая по ржавчине,3в1 матовая
10007,Грунт-эмаль для металлических поверхностей,Титан 3в1 гладкая
10010,Грунт-эмаль для металлических поверхностей,Титан 3в1 гладкая
10013,Грунт-эмаль для металлических поверхностей,Титан 3в1 гладкая
10016,Грунт-эмаль для металлических поверхностей,Титан 3в1 гладкая
10019,Грунт-эмаль для металлических поверхностей,Титан 3в1 гладкая
10022,Грунт-эмаль для металлических поверхностей,Титан 3в1 гладкая
10034,Грунт-эмаль для металлических поверхностей,Титан 3в1 гладкая
10044,Грунт-эмаль для металлических поверхностей,Титан 3в1 гладкая
14488,Грунт-эмаль молотковая по ржавчине,3в1
14493,Грунт-эмаль молотковая по ржавчине,3в1
14496,Грунт-эмаль молотковая по ржавчине,3в1
14501,Грунт-эмаль молотковая по ржавчине,3в1
14512,Грунт-эмаль молотковая по ржавчине,3в1
14519,Грунт-эмаль молотковая по ржавчине,3в1
14526,Грунт-эмаль молотковая по ржавчине,3в1
14534,Грунт-эмаль молотковая по ржавчине,3в1
14540,Грунт-эмаль молотковая по ржавчине,3в1
14548,Грунт-эмаль молотковая по ржавчине,3в1
14556,Грунт-эмаль молотковая по ржавчине,3в1
14563,Грунт-эмаль молотковая по ржавчине,3в1
14572,Грунт-эмаль молотковая по ржавчине,3в1
14580,Грунт-эмаль молотковая по ржавчине,3в1
14586,Грунт-эмаль молотковая по ржавчине,3в1
14595,Грунт-эмаль молотковая по ржавчине,3в1
14602,Грунт-эмаль молотковая по ржавчине,3в1
14609,Грунт-эмаль молотковая по ржавчине,3в1
14617,Грунт-эмаль молотковая по ржавчине,3в1
14623,Грунт-эмаль молотковая по ржавчине,3в1
14628,Грунт-эмаль молотковая по ржавчине,3в1
14635,Грунт-эмаль молотковая по ржавчине,3в1
12852,Грунт-эмаль на ржавчину,Anticorr Aqua полуглянцевая
12856,Грунт-эмаль на ржавчину,Anticorr Aqua полуглянцевая
14747,Грунт-эмаль по ржавчине,3в1
14753,Грунт-эмаль по ржавчине,3в1
14758,Грунт-эмаль по ржавчине,3в1
14766,Грунт-эмаль по ржавчине,3в1
14771,Грунт-эмаль по ржавчине,3в1
14776,Грунт-эмаль по ржавчине,3в1
14781,Грунт-эмаль по ржавчине,3в1
14785,Грунт-эмаль по ржавчине,3в1
14791,Грунт-эмаль по ржавчине,3в1
14796,Грунт-эмаль по ржавчине,3в1
14801,Грунт-эмаль по ржавчине,3в1
14804,Грунт-эмаль по ржавчине,3в1
14808,Грунт-эмаль по ржавчине,3в1
14812,Грунт-эмаль по ржавчине,3в1
14816,Грунт-эмаль по ржавчине,3в1
14820,Грунт-эмаль по ржавчине,3в1
14829,Грунт-эмаль по ржавчине,3в1
14833,Грунт-эмаль по ржавчине,3в1
14838,Грунт-эмаль по ржавчине,3в1
14841,Грунт-эмаль по ржавчине,3в1
14852,Грунт-эмаль по ржавчине,3в1
14865,Грунт-эмаль по ржавчине,3в1
16207,Грунт-эмаль по ржавчине,(ALPINA) 3в1 шелковисто-матовая быстросохнущая
16170,Грунт-эмаль по ржавчине,(ALPINA) 3в1 шелковисто-матовая быстросохнущая
16213,Грунт-эмаль по ржавчине,(ALPINA) 3в1 шелковисто-матовая быстросохнущая
16198,Грунт-эмаль по ржавчине,(ALPINA) 3в1 шелковисто-матовая быстросохнущая
16210,Грунт-эмаль по ржавчине,(ALPINA) 3в1 шелковисто-матовая быстросохнущая
16199,Грунт-эмаль по ржавчине,(ALPINA) 3в1 шелковисто-матовая быстросохнущая
16215,Грунт-эмаль по ржавчине,(ALPINA) 3в1 шелковисто-матовая быстросохнущая
16178,Грунт-эмаль по ржавчине,(ALPINA) 3в1 шелковисто-матовая быстросохнущая
16148,Грунт-эмаль по ржавчине,(ALPINA) 3в1 шелковисто-матовая быстросохнущая
16141,Грунт-эмаль по ржавчине,(ALPINA) 3в1 шелковисто-матовая быстросохнущая
16196,Грунт-эмаль по ржавчине,(ALPINA) 3в1 шелковисто-матовая быстросохнущая
16149,Грунт-эмаль по ржавчине,(ALPINA) 3в1 шелковисто-матовая быстросохнущая
16146,Грунт-эмаль по ржавчине,(ALPINA) 3в1 шелковисто-матовая быстросохнущая
16195,Грунт-эмаль по ржавчине,(ALPINA) 3в1 шелковисто-матовая быстросохнущая
16144,Грунт-эмаль по ржавчине,(ALPINA) 3в1 шелковисто-матовая быстросохнущая
16194,Грунт-эмаль по ржавчине,(ALPINA) 3в1 шелковисто-матовая
5540,Грунтовка акриловая универсальная,PROF IT концентрат 1:2
14170,Грунтовка адгезионная,Mini кроющая 
13946,Грунтовка адгезионная,Mini кроющая 
9324,Грунтовка адгезионная,BetonContact Primer 790
12178,Грунтовка адгезионная,BetonContact Primer 790
14055,Грунтовка адгезионная акриловая,ВД-АК-0301
15224,Грунтовка адгезионная акриловая,ВД-АК-0301
14145,Грунтовка адгезионная,FIRESTOP PRO негорючая
5676,Грунтовка адгезионная,Quartz Primer
11212,Грунтовка акрилатная укрепляющая,Euro Primer концентрат 1:3
11210,Грунтовка акрилатная укрепляющая,Euro Primer концентрат 1:3
14005,Грунтовка акриловая,ВД-АК-0301 бетонконтакт
15230,Грунтовка акриловая,ВД-АК-0301 бетонконтакт
5601,Грунтовка акриловая глубокого проникновения,Влагостоп
13793,Грунтовка акриловая фасадная,ВД-АК-0301
16544,Грунтовка акриловая,Wall Primer Sealer
16543,Грунтовка акриловая,Wall Primer Sealer
16542,Грунтовка акриловая,Wall Primer Sealer
6289,Грунтовка алкидная антикоррозийная,ГФ-021 быстросохнущая
6346,Грунтовка алкидная антикоррозийная,ГФ-021 быстросохнущая
6266,Грунтовка алкидная антикоррозийная,ГФ-021
6333,Грунтовка алкидная антикоррозийная,ГФ-021
15483,Грунтовка антикоррозионная,Metallista Primer матовая
15485,Грунтовка антикоррозионная,Metallista Primer матовая
15484,Грунтовка антикоррозионная,Metallista Primer матовая
14384,Грунтовка бетон-контакт адгезионная,кварцевая
14396,Грунтовка бетон-контакт адгезионная,кварцевая
16665,Грунтовка в/д,Primer 1:3 Wall Control универсальная
16664,Грунтовка в/д,Primer 1:3 Wall Control универсальная
13662,Грунтовка глубокого проникновения,ВД-АК-0301
13835,Грунтовка глубокого проникновения,ВД-АК-0301 с антисептиком
15924,Грунтовка глубокого проникновения,TIEFGRUND в/д
9397,Грунтовка для внутренних работ,ВД-АК-0301 укрывающая
15922,Грунтовка концентрат,KONZENTRAT GRUND 1:4
15926,Грунтовка по дереву,LX антисептик
15925,Грунтовка по дереву,LX антисептик
15923,Грунтовка по дереву,LX антисептик
9380,Грунтовка по старой краске,770
15225,Грунтовка по старой краске,ВД-АК-0301
9314,Грунтовка укрепляющая,Contact Proff 750 концентрат 1:7
14873,Грунтовка укрепляющая акриловая,-
13943,Грунтовка фасадная,ВД-АК-0301 -10°С 
15927,Грунтовка,Putzgrund 620 в/д
15929,Грунтовка,Universal Grund пигментированная в/д
6093,Штукатурка декоративная камешковая,"Acryl Kratzputz S110 К1,5"
10324,Краска алкидная для металла,гладкая
10327,Краска алкидная для металла,гладкая
10363,Краска алкидная для металла,гладкая
10330,Краска алкидная для металла,гладкая
10333,Краска алкидная для металла,гладкая
10366,Краска алкидная для металла,гладкая
10336,Краска алкидная для металла,гладкая
10337,Краска алкидная для металла,гладкая
10369,Краска алкидная для металла,гладкая
10340,Краска алкидная для металла,гладкая
10343,Краска алкидная для металла,гладкая
10377,Краска алкидная для металла,гладкая
10346,Краска алкидная для металла,гладкая
10348,Краска алкидная для металла,гладкая
10379,Краска алкидная для металла,гладкая
10350,Краска алкидная для металла,гладкая
10353,Краска алкидная для металла,гладкая
10371,Краска алкидная для металла,гладкая
10357,Краска алкидная для металла,гладкая
10360,Краска алкидная для металла,гладкая
10374,Краска алкидная для металла,гладкая
6081,Лак тонированный,с антисептическими свойствами
10838,Грунтовка акриловая,универсальная
5299,Грунтовка акриловая,нано проникающая
5841,Олифа,пластик
14775,Олифа,пластик
15695,Отвердитель,для 2-х компонентного грунта Zapon
16409,Грунт-изолятор для золочения,промежуточный
15696,Грунт-изолятор для золочения,Zapon Insulator промежуточный
15697,Грунт-изолятор для золочения,Zapon Insulator Natural промежуточный
6030,Спецгрунт,G40 Reanimator по старым покрытиям
5612,Средство,Антиплесень
6091,Средство,G10 для уничтожения грибка
11702,Грунтовка,ГФ-021
11705,Грунтовка,ГФ-021
13578,Грунт акрилатный,ОПТИМУМ проникающий
13606,Грунт-концентрат,ПРОФИ 1:3 укрепляющий
13603,Грунт-концентрат,ПРОФИ 1:3 укрепляющий
13612,Грунт-концентрат,ПРОФИ 1:5 влагозащита
13614,Грунт-концентрат,ПРОФИ 1:5 влагозащита
14770,Грунтовка,СТРОЙТекс Бетон-контакт
13597,Грунтовка адгезионная,БЕТОН-КОНТАКТ универсальная
13594,Грунтовка адгезионная,БЕТОН-КОНТАКТ универсальная
13590,Грунтовка глубокого проникновения,Универсал 2в1
14324,Грунтовка антикоррозионная алкидная,ГФ-021 Универсал
14334,Грунтовка антикоррозионная алкидная,ГФ-021 Универсал
14327,Грунтовка антикоррозионная алкидная,ГФ-021 Универсал
14338,Грунтовка антикоррозионная алкидная,ГФ-021 Универсал
13569,Грунтовка глубокого проникновения,ЭКОНОМ
14467,Грунт-антисептик,BIOTEKS универсальный на водной основе
8743,Грунтовка универсальная,для дерева
7041,Грунтовка универсальная,для дерева
9213,Краска-грунт фасадная,для OSB-плит и SIP панелей 3в1
12238,Краска-грунт фасадная,для OSB-плит и SIP панелей 3в1
15231,Шлиф-грунт по дереву,ВД-АК-0301
6087,Штукатурка структурная шуба ,PROF IT
11849,Грунт,Бетон-контакт -20°С
12948,Грунт ГФ-021,быстросохнущий
12958,Грунт ГФ-021,быстросохнущий
11854,Грунт,под обои
12967,Грунтовка,ГФ-021М
12974,Грунтовка,ГФ-021М
11879,Грунтовка фасадная,-
12040,Праймер битумный,-
12041,Праймер битумный,быстросохнущий
8221,Эмаль по ржавчине,3в1 полуматовая
8224,Эмаль по ржавчине,3в1 полуматовая
8229,Эмаль по ржавчине,3в1 полуматовая
8232,Эмаль по ржавчине,3в1 полуматовая
8234,Эмаль по ржавчине,3в1 полуматовая
8235,Эмаль по ржавчине,3в1 полуматовая
15009,Эмаль акриловая антикоррозионная по металлу,ВД-АК-1179 «Профи»
14532,Эмаль акриловая антикоррозионная по металлу,ВД-АК-1179 «Профи»
13977,Эмаль акриловая антикоррозионная по металлу,ВД-АК-1179 «Профи»
15010,Эмаль акриловая антикоррозионная по металлу,ВД-АК-1179 «Профи»
14539,Эмаль акриловая антикоррозионная по металлу,ВД-АК-1179 «Профи»
13981,Эмаль акриловая антикоррозионная по металлу,ВД-АК-1179 «Профи»
15008,Эмаль акриловая антикоррозионная по металлу,ВД-АК-1179 «Профи»
14529,Эмаль акриловая антикоррозионная по металлу,ВД-АК-1179 «Профи»
13974,Эмаль акриловая антикоррозионная по металлу,ВД-АК-1179 «Профи»
14523,Эмаль акриловая антикоррозионная по металлу,ВД-АК-1179 «Профи»
13970,Эмаль акриловая антикоррозионная по металлу,ВД-АК-1179 «Профи»
14527,Эмаль акриловая антикоррозионная по металлу,ВД-АК-1179 «Профи»
13972,Эмаль акриловая антикоррозионная по металлу,ВД-АК-1179 «Профи»
6347,Эмаль акриловая антикоррозионная по металлу,ВД-АК-1179 «Профи»
14536,Эмаль акриловая антикоррозионная по металлу,ВД-АК-1179 «Профи»
13979,Эмаль акриловая антикоррозионная по металлу,ВД-АК-1179 «Профи»
16307,Эмаль грунтовочная полиуретановая,Premium Expert PU-Vorlack D338 матовая
10200,Эмаль для металлических поверхностей,Титан молотковая
10202,Эмаль для металлических поверхностей,Титан молотковая
10204,Эмаль для металлических поверхностей,Титан молотковая
10205,Эмаль для металлических поверхностей,Титан молотковая
10206,Эмаль для металлических поверхностей,Титан молотковая
10207,Эмаль для металлических поверхностей,Титан молотковая
10209,Эмаль для металлических поверхностей,Титан молотковая
10211,Эмаль для металлических поверхностей,Титан молотковая
10213,Эмаль для металлических поверхностей,Титан молотковая
10215,Эмаль для металлических поверхностей,Титан молотковая
10216,Эмаль для металлических поверхностей,Титан молотковая
10954,Грунтовка по металлу антикоррозионная,НИТРОГРУНТОВКА быстросохнущая
8401,Грунтовка по дереву,-
8535,Эмаль алкидно-уретановая по ржавчине,3в1
8536,Эмаль алкидно-уретановая по ржавчине,3в1
8538,Эмаль алкидно-уретановая по ржавчине,3в1
8490,Эмаль алкидно-уретановая по ржавчине,3в1
8501,Эмаль алкидно-уретановая по ржавчине,3в1
8512,Эмаль алкидно-уретановая по ржавчине,3в1
8499,Эмаль алкидно-уретановая по ржавчине,3в1
8511,Эмаль алкидно-уретановая по ржавчине,3в1
8497,Эмаль алкидно-уретановая по ржавчине,3в1
8509,Эмаль алкидно-уретановая по ржавчине,3в1
8496,Эмаль алкидно-уретановая по ржавчине,3в1
8508,Эмаль алкидно-уретановая по ржавчине,3в1
8507,Эмаль алкидно-уретановая по ржавчине,3в1
8498,Эмаль алкидно-уретановая по ржавчине,3в1
8510,Эмаль алкидно-уретановая по ржавчине,3в1
8494,Эмаль алкидно-уретановая по ржавчине,3в1
8506,Эмаль алкидно-уретановая по ржавчине,3в1
8492,Эмаль алкидно-уретановая по ржавчине,3в1
8504,Эмаль алкидно-уретановая по ржавчине,3в1
8491,Эмаль алкидно-уретановая по ржавчине,3в1
8502,Эмаль алкидно-уретановая по ржавчине,3в1
8493,Эмаль алкидно-уретановая по ржавчине,3в1
8505,Эмаль алкидно-уретановая по ржавчине,3в1
8287,Эмаль алкидная быстросохнущая по ржавчине,шелк-матовый
8300,Эмаль алкидная быстросохнущая по ржавчине,шелк-матовый
8289,Эмаль алкидная быстросохнущая по ржавчине,шелк-матовый
8302,Эмаль алкидная быстросохнущая по ржавчине,шелк-матовый
8275,Эмаль алкидная быстросохнущая по ржавчине,шелк-матовый
8283,Эмаль алкидная быстросохнущая по ржавчине,шелк-матовый
8290,Эмаль алкидная быстросохнущая по ржавчине,шелк-матовый
8277,Эмаль алкидная быстросохнущая по ржавчине,шелк-матовый
8292,Эмаль алкидная быстросохнущая по ржавчине,шелк-матовый
8284,Эмаль алкидная быстросохнущая по ржавчине,шелк-матовый
8293,Эмаль алкидная быстросохнущая по ржавчине,шелк-матовый
8278,Эмаль алкидная быстросохнущая по ржавчине,шелк-матовый
8295,Эмаль алкидная быстросохнущая по ржавчине,шелк-матовый
8280,Эмаль алкидная быстросохнущая по ржавчине,шелк-матовый
8297,Эмаль алкидная быстросохнущая по ржавчине,шелк-матовый
8281,Эмаль алкидная быстросохнущая по ржавчине,шелк-матовый
8299,Эмаль алкидная быстросохнущая по ржавчине,шелк-матовый
8310,Грунтовка-концентрат,EXPERT Tiefgrund Konzentrat универсальный
8307,Грунт-эмаль,Rapidschutz для чёрных металлов шелковисто-матовый
8303,Грунт-эмаль,Rapidschutz для чёрных металлов
8305,Грунт-эмаль,Rapidschutz для чёрных металлов
6745,Грунтовка универсальная,TIEFGRUND PRO
6794,Грунт концентрат,GRUND-KONZENTRAT PRO глубокопроникающий
6795,Грунт пигментированный,PUTZGRUND 610 Pro с кварцевым наполнителем
6809,Грунт концентрат,SYLITOL GRUND-KONZENTRAT PRO
8145,Грунтовка фасадная укрепляющая,GRAVEL STRONG
8057,Грунт адгезионный,MINERAL GRUND для декоративных штукатурок и красок
8054,Грунтовка укрепляющая,MORAINE STRONG концентрат 1:3
10805,Грунт акрил укрепляющий,PUTZGRUND -30°С
10803,Грунт акрил укрепляющий,PUTZGRUND
10807,Грунт для штукатурок,STRUKTURQUARZGRUND
10806,Грунт для штукатурок,STRUKTURQUARZGRUND
10809,Грунт акрил проникающий,TIEFGRUND
10808,Грунт акрил проникающий,TIEFGRUND
11314,Грунтовка акриловая,для OSB-плит
11295,Грунт,КОНТАКТ-ГРУНТ -30°С
11292,Грунт,КОНТАКТ-ГРУНТ
11280,Грунт глубокого проникновения,ОМЕГА -30°С
11273,Грунтовка глубокого проникновения,ОМЕГА
11289,Грунтовка упрочняющая,ТАУ пленкообразующая -30°С
11284,Грунтовка упрочняющая,ТАУ пленкообразующая
11018,Грунт,бетоноконтакт адгезионная
11020,Грунтовка,глубокопроникающая
11024,Грунтовка,глубокопроникающая
11031,Грунтовка,укрепляющая
11034,Грунтовка,укрепляющая
8699,Грунтовка акрилатная глубокого проникновения,IMPRIMFIX G 3 укрепляющая
8701,Грунтовка блокирующая,ISOLTOU пятна
8700,Грунтовка акрилатная,PROTEC PRIM UNIVERSELLE G 5 обеспылевающая
8741,Грунтовка для защиты древесины ,SOUS COUCHE BOIS
8771,Грунтовка для защиты древесины ,SOUS COUCHE BOIS
8742,Грунтовка для защиты древесины ,SOUS COUCHE BOIS
8698,Грунтовка,STRUCTURA FIX G 2
8697,Грунтовка,STRUCTURA FIX G 2
8696,Грунтовка пигментированная акрилатная,UNIPRIM G 1